OrderID,OrderDate,Region,CustomerID,CustomerName,ProductCategory,Product,Quantity,Sales,Profit
1001,25-04-2023,North,C095,Customer_95,Clothing,Jeans,4,1185.14,89.62
1002,12-07-2024,North,C076,Customer_76,Groceries,Rice,1,205.52,22.23
1003,08-09-2024,North,C072,Customer_72,Furniture,Table,7,3195.31,630.49
1004,07-01-2023,South,C090,Customer_90,Groceries,Bread,5,1639.25,474.24
1005,11-12-2023,North,C012,Customer_12,Groceries,Rice,6,10188.23,2047.14
1006,14-02-2023,West,C069,Customer_69,Electronics,Headphones,2,2226.08,572.88
1007,25-09-2024,East,C074,Customer_74,Furniture,Office Chair,1,1329.3,323.37
1008,23-03-2023,South,C013,Customer_13,Groceries,Bread,8,10229.24,1444.45
1009,15-01-2024,East,C027,Customer_27,Clothing,T-Shirt,10,12772.57,2344.21
1010,08-09-2023,South,C060,Customer_60,Groceries,Bread,9,4093.54,536.54
1011,27-02-2023,South,C005,Customer_5,Clothing,Shoes,5,755.27,210.18
1012,03-08-2024,East,C028,Customer_28,Groceries,Eggs,8,2423.09,205.74
1013,28-07-2024,East,C096,Customer_96,Groceries,Fruits,7,5157.27,1543.73
1014,22-05-2023,West,C012,Customer_12,Electronics,Laptop,3,3787.03,939.26
1015,08-03-2024,North,C050,Customer_50,Groceries,Fruits,8,8541.17,2500.59
1016,12-01-2023,North,C088,Customer_88,Clothing,Jacket,2,1202.26,107.65
1017,04-01-2023,East,C065,Customer_65,Furniture,Table,2,3487.25,434.55
1018,03-06-2024,South,C020,Customer_20,Clothing,Jeans,9,17171.37,4818.43
1019,01-01-2023,East,C063,Customer_63,Electronics,Laptop,6,10559.22,2723.4
1020,11-11-2023,South,C008,Customer_8,Furniture,Table,2,379.19,65.03
1021,12-03-2023,South,C017,Customer_17,Groceries,Fruits,3,1634.44,438.21
1022,09-03-2024,South,C070,Customer_70,Furniture,Bookshelf,7,13932.77,2960.29
1023,24-03-2024,West,C016,Customer_16,Furniture,Desk,2,1378.82,271.73
1024,24-08-2023,South,C001,Customer_1,Electronics,Laptop,4,613.81,35.51
1025,05-12-2023,North,C066,Customer_66,Furniture,Bookshelf,8,3553.51,295.22
1026,07-08-2024,West,C032,Customer_32,Groceries,Eggs,4,827.06,177.61
1027,29-12-2023,West,C053,Customer_53,Groceries,Rice,2,280.03,64.98
1028,22-04-2023,South,C025,Customer_25,Furniture,Table,8,2380.49,228.22
1029,18-04-2024,South,C010,Customer_10,Groceries,Fruits,2,240.33,72.06
1030,16-01-2023,North,C097,Customer_97,Furniture,Desk,7,6870.99,710.71
1031,15-02-2024,North,C022,Customer_22,Groceries,Rice,7,3815.71,938.73
1032,10-04-2024,East,C055,Customer_55,Groceries,Milk,4,2429.93,709.97
1033,16-08-2024,North,C096,Customer_96,Clothing,T-Shirt,1,1176.67,206.76
1034,27-06-2024,South,C008,Customer_8,Electronics,Smartphone,2,2396.34,524.33
1035,29-08-2023,West,C016,Customer_16,Furniture,Table,10,986.88,69.57
1036,20-08-2024,East,C034,Customer_34,Furniture,Bookshelf,4,2183.67,180.63
1037,04-11-2023,West,C041,Customer_41,Electronics,Laptop,8,9999.16,1907.32
1038,13-04-2023,North,C069,Customer_69,Furniture,Table,5,1411.32,193.71
1039,12-03-2023,South,C048,Customer_48,Clothing,Jeans,8,13366.52,3019.3
1040,18-09-2024,North,C086,Customer_86,Clothing,T-Shirt,3,1630.93,444.31
1041,20-07-2024,South,C035,Customer_35,Clothing,Dress,4,5763.49,581.53
1042,28-09-2023,West,C033,Customer_33,Electronics,Laptop,7,11634.76,709.97
1043,08-12-2023,South,C082,Customer_82,Clothing,Jeans,8,8898.62,1396.39
1044,10-01-2023,North,C010,Customer_10,Furniture,Table,1,1672.5,327.19
1045,01-06-2023,West,C017,Customer_17,Electronics,Tablet,6,10799.9,2689.51
1046,10-02-2023,East,C027,Customer_27,Furniture,Office Chair,6,9387.78,2544.4
1047,21-02-2024,South,C031,Customer_31,Furniture,Desk,7,483.54,113.22
1048,07-12-2023,West,C086,Customer_86,Furniture,Bookshelf,3,4737,364.86
1049,09-02-2023,West,C029,Customer_29,Furniture,Sofa,6,3745.67,932.06
1050,22-08-2023,South,C004,Customer_4,Furniture,Sofa,6,3429.8,231.01
1051,13-10-2023,East,C083,Customer_83,Groceries,Fruits,6,11278.14,889.12
1052,25-09-2023,South,C075,Customer_75,Clothing,T-Shirt,2,2402.42,327.74
1053,18-11-2023,West,C078,Customer_78,Electronics,Headphones,10,3963.56,242.16
1054,22-03-2024,North,C067,Customer_67,Furniture,Bookshelf,7,1109.84,239.79
1055,05-12-2023,East,C085,Customer_85,Electronics,Tablet,9,5691.45,865.66
1056,17-02-2024,East,C071,Customer_71,Furniture,Desk,7,9355.92,1354.61
1057,28-06-2023,East,C052,Customer_52,Electronics,Tablet,5,2180.81,537.44
1058,13-09-2024,East,C060,Customer_60,Groceries,Eggs,4,4128.5,1025.66
1059,23-06-2023,North,C037,Customer_37,Clothing,T-Shirt,4,5408.54,574.17
1060,23-07-2023,South,C004,Customer_4,Electronics,Smartphone,8,9842.58,2383.11
1061,11-04-2024,West,C081,Customer_81,Furniture,Sofa,8,6490.5,563.98
1062,06-01-2023,North,C100,Customer_100,Groceries,Milk,3,4836.41,1083.25
1063,20-04-2024,North,C072,Customer_72,Furniture,Office Chair,8,2272.09,377.53
1064,27-06-2024,East,C097,Customer_97,Groceries,Fruits,9,7784.52,2154.08
1065,01-04-2024,South,C096,Customer_96,Groceries,Eggs,5,7542.59,1960.81
1066,11-10-2023,West,C081,Customer_81,Furniture,Bookshelf,8,1387.34,168.47
1067,06-10-2023,East,C041,Customer_41,Electronics,Smartphone,3,1433.69,320.41
1068,08-08-2023,North,C054,Customer_54,Groceries,Bread,9,8482.77,556.18
1069,06-03-2024,West,C099,Customer_99,Electronics,Camera,7,6750.94,1928.65
1070,02-11-2023,West,C054,Customer_54,Furniture,Sofa,4,2241.65,384.24
1071,03-02-2024,East,C086,Customer_86,Groceries,Milk,8,14725.54,4346.69
1072,30-06-2024,North,C051,Customer_51,Electronics,Laptop,7,2020.79,334.29
1073,21-02-2023,East,C049,Customer_49,Clothing,Jeans,8,5337.24,1282.58
1074,24-01-2024,East,C097,Customer_97,Groceries,Bread,2,1902.42,451.36
1075,23-02-2023,East,C029,Customer_29,Electronics,Laptop,1,1900.23,189.72
1076,21-01-2023,South,C031,Customer_31,Furniture,Sofa,2,2273.32,237.54
1077,20-09-2023,East,C022,Customer_22,Electronics,Smartphone,5,1170.18,66.02
1078,16-11-2023,West,C051,Customer_51,Furniture,Office Chair,10,13874.17,2869.33
1079,15-04-2023,East,C088,Customer_88,Electronics,Camera,1,707.46,111.14
1080,15-01-2024,North,C065,Customer_65,Clothing,T-Shirt,7,11537.51,881.29
1081,06-01-2024,West,C091,Customer_91,Furniture,Sofa,3,4418.74,1287.48
1082,04-10-2023,West,C060,Customer_60,Groceries,Fruits,5,3290.82,366.51
1083,30-03-2023,East,C058,Customer_58,Furniture,Sofa,10,12284.57,1778.16
1084,30-01-2023,West,C042,Customer_42,Furniture,Sofa,4,2890.21,331.18
1085,14-10-2023,East,C072,Customer_72,Electronics,Camera,4,758.05,174.37
1086,15-05-2024,South,C089,Customer_89,Groceries,Eggs,8,12720.06,931.91
1087,15-08-2023,West,C089,Customer_89,Furniture,Bookshelf,10,7506.6,1414.01
1088,19-12-2023,West,C096,Customer_96,Clothing,Jacket,8,4451.32,502.34
1089,04-05-2023,South,C041,Customer_41,Electronics,Camera,3,1197.75,281.05
1090,11-10-2023,East,C013,Customer_13,Furniture,Bookshelf,4,2938.18,368.94
1091,30-06-2024,South,C036,Customer_36,Electronics,Laptop,9,5385.88,1540.48
1092,17-05-2024,North,C002,Customer_2,Clothing,Shoes,8,7137.03,685.8
1093,22-02-2023,East,C062,Customer_62,Electronics,Laptop,7,6955.61,1351.16
1094,24-02-2023,South,C020,Customer_20,Clothing,T-Shirt,4,1018.14,245.48
1095,12-09-2024,South,C100,Customer_100,Groceries,Eggs,8,4870.07,960.04
1096,15-03-2024,East,C073,Customer_73,Electronics,Camera,2,3792.46,386.63
1097,05-08-2023,East,C085,Customer_85,Electronics,Smartphone,4,1456.6,100.16
1098,03-01-2023,West,C058,Customer_58,Groceries,Bread,1,478.32,108.45
1099,09-04-2024,North,C088,Customer_88,Furniture,Bookshelf,10,13291.42,3767.02
1100,11-03-2024,North,C070,Customer_70,Furniture,Desk,5,8283.65,562.07
1101,19-06-2023,East,C077,Customer_77,Clothing,Shoes,2,1896.04,238.94
1102,17-02-2024,East,C065,Customer_65,Groceries,Eggs,2,2408.23,655.9
1103,27-11-2023,East,C004,Customer_4,Electronics,Smartphone,10,11825.03,652.58
1104,03-10-2023,North,C098,Customer_98,Furniture,Sofa,9,11789.9,3289.6
1105,05-07-2023,West,C082,Customer_82,Groceries,Rice,8,5671.7,756.19
1106,18-04-2023,South,C043,Customer_43,Groceries,Eggs,5,6659.58,999.69
1107,17-07-2024,North,C059,Customer_59,Electronics,Tablet,5,3300.41,965.52
1108,18-02-2024,North,C085,Customer_85,Groceries,Eggs,1,391.41,54.97
1109,25-05-2024,West,C098,Customer_98,Electronics,Smartphone,5,5537.27,1561.06
1110,24-03-2024,West,C016,Customer_16,Electronics,Camera,4,5701.48,728.01
1111,15-01-2023,West,C012,Customer_12,Furniture,Office Chair,8,15161.44,3213.12
1112,07-06-2023,West,C092,Customer_92,Clothing,Dress,5,4213.35,718.9
1113,28-04-2024,South,C059,Customer_59,Furniture,Sofa,4,7381.2,1306.92
1114,20-05-2023,North,C036,Customer_36,Groceries,Bread,9,4941.02,250.22
1115,02-11-2023,West,C020,Customer_20,Groceries,Fruits,8,5626.76,1057.71
1116,10-07-2024,West,C059,Customer_59,Clothing,Jeans,4,4608.64,499.53
1117,25-02-2024,North,C041,Customer_41,Groceries,Eggs,7,13839.42,3433.54
1118,05-06-2023,West,C005,Customer_5,Furniture,Table,10,6773.5,508.63
1119,26-03-2024,North,C068,Customer_68,Groceries,Rice,3,2495.27,533.23
1120,08-06-2023,North,C061,Customer_61,Clothing,Jacket,10,13915.55,2956.49
1121,03-12-2023,West,C041,Customer_41,Groceries,Fruits,1,1242.57,135.06
1122,22-10-2023,South,C096,Customer_96,Electronics,Headphones,2,3051.06,689.46
1123,13-04-2023,West,C022,Customer_22,Clothing,T-Shirt,1,662.26,42.4
1124,03-01-2024,East,C056,Customer_56,Furniture,Desk,9,7522.76,1658.39
1125,04-07-2023,South,C023,Customer_23,Electronics,Camera,7,8729.19,962.02
1126,20-08-2024,South,C030,Customer_30,Groceries,Bread,8,4204.38,220.1
1127,21-04-2024,East,C087,Customer_87,Furniture,Office Chair,8,15132.53,4493.04
1128,03-11-2023,West,C089,Customer_89,Clothing,Shoes,5,2072.25,302.91
1129,09-05-2024,North,C031,Customer_31,Groceries,Fruits,6,6948.77,2071.94
1130,30-10-2023,North,C085,Customer_85,Groceries,Bread,1,1140.54,252.57
1131,20-02-2023,West,C037,Customer_37,Furniture,Table,6,2721.77,265.46
1132,14-09-2023,South,C081,Customer_81,Electronics,Laptop,5,7907.24,461.32
1133,09-01-2024,South,C012,Customer_12,Clothing,Jacket,7,2574.37,213.78
1134,06-07-2024,East,C068,Customer_68,Clothing,Jeans,5,9149.08,2617.07
1135,30-10-2023,East,C015,Customer_15,Groceries,Rice,3,4539.66,483.04
1136,11-02-2024,East,C012,Customer_12,Groceries,Rice,5,5412.07,885.94
1137,26-09-2023,West,C082,Customer_82,Clothing,T-Shirt,4,3814.1,781.46
1138,28-07-2024,East,C079,Customer_79,Furniture,Office Chair,8,14564.7,1828.56
1139,23-02-2024,North,C018,Customer_18,Electronics,Laptop,5,9959.68,787.11
1140,29-08-2023,South,C050,Customer_50,Groceries,Bread,9,7648.84,1801.82
1141,08-06-2023,West,C084,Customer_84,Electronics,Headphones,10,8280.69,2383.85
1142,03-02-2023,East,C028,Customer_28,Groceries,Eggs,4,6855.17,513.03
1143,12-01-2024,East,C008,Customer_8,Groceries,Bread,4,7748.2,2225.69
1144,10-04-2024,North,C085,Customer_85,Furniture,Table,1,120.15,16.03
1145,09-05-2023,South,C009,Customer_9,Furniture,Table,4,6519.38,705.72
1146,01-06-2023,North,C036,Customer_36,Furniture,Desk,9,4646.66,435.04
1147,27-01-2023,South,C002,Customer_2,Clothing,Jeans,10,6610.67,618.5
1148,23-02-2023,South,C095,Customer_95,Groceries,Fruits,2,2992.83,505.97
1149,06-01-2024,North,C058,Customer_58,Furniture,Table,1,1459.94,404.68
1150,17-06-2024,East,C059,Customer_59,Electronics,Laptop,8,13581.21,2126.39
1151,21-04-2023,West,C092,Customer_92,Groceries,Rice,2,1315.56,114.56
1152,10-05-2023,East,C080,Customer_80,Clothing,Shoes,10,10705.03,1749.51
1153,11-09-2024,West,C013,Customer_13,Electronics,Camera,4,3486.15,948.31
1154,28-02-2024,East,C059,Customer_59,Groceries,Eggs,2,1277.69,163.71
1155,19-09-2023,East,C020,Customer_20,Groceries,Rice,2,3333.82,244.39
1156,09-04-2023,East,C017,Customer_17,Electronics,Camera,9,10189.2,2216.18
1157,25-02-2024,East,C086,Customer_86,Groceries,Rice,5,6044.06,833.55
1158,14-08-2024,South,C020,Customer_20,Groceries,Milk,2,1426.45,269.69
1159,28-04-2023,East,C074,Customer_74,Furniture,Sofa,9,17546.42,4467.44
1160,20-09-2024,North,C078,Customer_78,Clothing,T-Shirt,3,1683.23,404.99
1161,14-12-2023,East,C001,Customer_1,Furniture,Desk,10,13215.42,890.67
1162,01-02-2023,North,C096,Customer_96,Furniture,Sofa,7,6427.53,574.31
1163,16-11-2023,East,C100,Customer_100,Electronics,Laptop,3,995.01,203.44
1164,25-03-2023,East,C057,Customer_57,Groceries,Eggs,10,8952.47,1059
1165,08-06-2024,North,C045,Customer_45,Groceries,Rice,5,6814.36,1351.18
1166,23-06-2024,East,C006,Customer_6,Furniture,Sofa,10,1284.68,129.89
1167,05-08-2023,South,C098,Customer_98,Clothing,Jacket,6,1545.41,269.44
1168,16-03-2024,South,C017,Customer_17,Groceries,Fruits,4,4042.08,1044.23
1169,29-12-2023,North,C051,Customer_51,Electronics,Headphones,1,930.31,64.62
1170,17-11-2023,West,C074,Customer_74,Groceries,Eggs,5,1240.22,68.48
1171,29-11-2023,South,C080,Customer_80,Groceries,Bread,2,1769.38,135.3
1172,22-03-2024,West,C068,Customer_68,Electronics,Headphones,5,7483.47,788.71
1173,22-06-2023,North,C066,Customer_66,Electronics,Camera,9,3635.36,887.24
1174,26-12-2023,South,C031,Customer_31,Electronics,Smartphone,5,2052.99,411.83
1175,19-03-2023,South,C099,Customer_99,Groceries,Eggs,10,15245.57,2473.23
1176,01-08-2024,East,C081,Customer_81,Clothing,Jeans,8,1241.65,199.35
1177,07-11-2023,East,C076,Customer_76,Electronics,Tablet,9,1502.08,248.5
1178,08-02-2023,North,C048,Customer_48,Clothing,T-Shirt,2,2475.43,437.57
1179,18-04-2024,North,C058,Customer_58,Furniture,Bookshelf,10,9617.45,843.6
1180,05-03-2023,West,C014,Customer_14,Clothing,T-Shirt,9,11693.98,699.13
1181,24-03-2024,West,C068,Customer_68,Furniture,Bookshelf,6,11025.09,1619.08
1182,13-12-2023,North,C081,Customer_81,Clothing,T-Shirt,6,1242.73,272.9
1183,18-10-2023,East,C093,Customer_93,Furniture,Bookshelf,2,2347.65,200.39
1184,25-12-2023,East,C084,Customer_84,Groceries,Milk,10,14234.91,1013.24
1185,26-07-2024,West,C083,Customer_83,Clothing,Jeans,9,1845.33,401.57
1186,04-06-2024,East,C003,Customer_3,Clothing,Jacket,3,5709.95,773.32
1187,12-05-2024,South,C029,Customer_29,Furniture,Desk,2,1211.34,299.24
1188,03-06-2024,North,C085,Customer_85,Clothing,Dress,3,3607.64,319.5
1189,05-07-2023,South,C093,Customer_93,Groceries,Rice,7,5189.19,1192.98
1190,30-03-2024,East,C097,Customer_97,Groceries,Milk,9,4441.98,1294.39
1191,25-04-2024,South,C048,Customer_48,Groceries,Eggs,5,7803.43,1371.27
1192,04-03-2024,South,C026,Customer_26,Furniture,Bookshelf,1,1289.53,346.28
1193,21-07-2024,North,C092,Customer_92,Electronics,Tablet,2,3061.94,361.91
1194,09-06-2024,South,C056,Customer_56,Electronics,Smartphone,8,14172.54,4005.41
1195,29-02-2024,North,C051,Customer_51,Clothing,Jeans,7,13924.12,2001.29
1196,29-01-2023,East,C013,Customer_13,Clothing,Jeans,3,287.52,80.32
1197,28-04-2024,South,C098,Customer_98,Groceries,Eggs,10,303.97,21.22
1198,20-09-2023,South,C020,Customer_20,Groceries,Rice,5,2452.64,197.34
1199,02-09-2023,West,C082,Customer_82,Groceries,Rice,2,3353.28,586.68
1200,02-07-2024,North,C081,Customer_81,Furniture,Desk,5,4349.47,886
1201,04-09-2023,West,C024,Customer_24,Electronics,Camera,6,924.03,167.73
1202,03-06-2024,North,C050,Customer_50,Groceries,Rice,7,13737.21,1557.97
1203,17-01-2023,East,C009,Customer_9,Clothing,Jeans,2,3095.15,723.64
1204,07-12-2023,South,C006,Customer_6,Clothing,Dress,6,9784.49,917.51
1205,20-04-2024,West,C081,Customer_81,Furniture,Desk,2,2875.54,822.12
1206,07-02-2023,East,C026,Customer_26,Electronics,Smartphone,1,644.88,82.23
1207,12-02-2024,West,C033,Customer_33,Electronics,Smartphone,5,3634.04,891.1
1208,06-12-2023,East,C016,Customer_16,Clothing,Shoes,7,10442.24,2857.62
1209,31-01-2024,East,C024,Customer_24,Groceries,Eggs,6,11100.81,1996.14
1210,26-03-2023,West,C011,Customer_11,Groceries,Fruits,3,3300.12,430.02
1211,23-03-2023,East,C085,Customer_85,Clothing,Jacket,8,9705.53,1519.2
1212,30-03-2024,East,C058,Customer_58,Electronics,Tablet,10,19963.38,2368.43
1213,28-02-2023,North,C086,Customer_86,Groceries,Bread,9,14455.53,3178.09
1214,01-02-2023,South,C078,Customer_78,Groceries,Rice,3,459.37,112.38
1215,11-01-2024,East,C050,Customer_50,Electronics,Camera,3,4093.63,1175.71
1216,16-01-2024,West,C098,Customer_98,Electronics,Camera,3,3204.99,479.17
1217,13-10-2023,South,C015,Customer_15,Electronics,Smartphone,8,8361.09,2327.61
1218,01-05-2023,East,C100,Customer_100,Clothing,Shoes,4,7971.21,967.66
1219,17-05-2024,South,C016,Customer_16,Furniture,Office Chair,8,2894.88,661.02
1220,31-03-2023,East,C086,Customer_86,Clothing,T-Shirt,9,9841.49,2685.08
1221,11-06-2023,South,C047,Customer_47,Furniture,Office Chair,4,6353.16,693.66
1222,20-05-2024,North,C047,Customer_47,Clothing,Shoes,9,2492.52,675.63
1223,09-03-2023,East,C051,Customer_51,Groceries,Fruits,7,10800.62,2763.17
1224,17-03-2023,South,C041,Customer_41,Electronics,Headphones,8,10932.93,1488.29
1225,18-07-2024,South,C099,Customer_99,Furniture,Sofa,9,16408.89,1047.76
1226,08-05-2023,South,C039,Customer_39,Furniture,Desk,6,11224.69,1193.94
1227,15-06-2024,East,C011,Customer_11,Clothing,Jeans,9,5070.72,1045.86
1228,21-09-2024,North,C065,Customer_65,Furniture,Table,10,3253.05,698.38
1229,11-09-2024,East,C073,Customer_73,Electronics,Laptop,2,220.03,46.29
1230,13-08-2024,East,C084,Customer_84,Furniture,Table,7,8706.98,501.27
1231,12-07-2024,East,C083,Customer_83,Clothing,Shoes,4,6453.13,1427.74
1232,01-11-2023,West,C010,Customer_10,Electronics,Smartphone,8,6743.45,1120.16
1233,15-12-2023,South,C041,Customer_41,Clothing,Jacket,7,1952.42,278.48
1234,29-07-2024,North,C041,Customer_41,Furniture,Sofa,2,1099.19,123.09
1235,10-04-2023,North,C038,Customer_38,Groceries,Fruits,7,3581.03,953.72
1236,13-06-2023,East,C074,Customer_74,Clothing,Jeans,3,3019.7,539.56
1237,25-05-2024,East,C064,Customer_64,Electronics,Laptop,7,7145.46,2084.13
1238,09-08-2023,East,C007,Customer_7,Electronics,Tablet,8,9624.7,2509.28
1239,26-04-2024,East,C069,Customer_69,Electronics,Laptop,7,1996.34,231.81
1240,10-01-2024,West,C047,Customer_47,Electronics,Headphones,1,1149.16,113.38
1241,20-07-2024,East,C010,Customer_10,Groceries,Fruits,8,12268.16,1471.32
1242,30-09-2024,North,C017,Customer_17,Electronics,Headphones,6,9563.38,1288.87
1243,10-01-2024,South,C026,Customer_26,Groceries,Fruits,1,109.7,9.24
1244,08-12-2023,West,C067,Customer_67,Groceries,Milk,10,17884.01,1519.16
1245,19-09-2024,East,C021,Customer_21,Groceries,Fruits,5,5977.87,1057.06
1246,05-06-2024,West,C091,Customer_91,Clothing,Shoes,1,749.35,163.7
1247,02-03-2024,East,C093,Customer_93,Electronics,Camera,8,4366,933.88
1248,15-08-2024,South,C093,Customer_93,Electronics,Camera,8,2860.91,592.94
1249,26-09-2024,West,C019,Customer_19,Furniture,Office Chair,10,18974.46,1470.03
1250,20-01-2023,West,C041,Customer_41,Groceries,Milk,7,9710.33,1481.74
1251,18-09-2024,West,C095,Customer_95,Electronics,Smartphone,9,3874.83,508.62
1252,04-05-2024,West,C041,Customer_41,Furniture,Sofa,9,6280.27,870.27
1253,28-09-2023,West,C025,Customer_25,Furniture,Bookshelf,9,5499.26,1569.33
1254,01-11-2023,East,C091,Customer_91,Furniture,Sofa,6,5820.06,1106.52
1255,08-10-2023,East,C016,Customer_16,Groceries,Eggs,6,11460.75,2878.41
1256,25-10-2023,North,C037,Customer_37,Electronics,Tablet,8,10550.6,2498.75
1257,08-08-2023,South,C069,Customer_69,Clothing,Dress,5,1459,297.52
1258,23-08-2024,South,C032,Customer_32,Electronics,Camera,4,5132.52,323.98
1259,28-02-2024,East,C092,Customer_92,Groceries,Rice,3,90.78,17.03
1260,11-06-2023,West,C084,Customer_84,Groceries,Eggs,4,6066.82,739.01
1261,20-10-2023,North,C099,Customer_99,Electronics,Camera,4,4318.41,996.6
1262,08-02-2023,South,C054,Customer_54,Furniture,Office Chair,7,11061.13,1068.26
1263,24-10-2023,North,C002,Customer_2,Clothing,Dress,10,2324.55,687.48
1264,19-10-2023,West,C083,Customer_83,Groceries,Milk,9,8520.13,836.7
1265,26-04-2023,East,C021,Customer_21,Groceries,Bread,3,143.66,19.29
1266,30-10-2023,South,C023,Customer_23,Groceries,Eggs,9,6023.65,904.8
1267,08-04-2023,South,C018,Customer_18,Groceries,Bread,4,134.09,19.56
1268,02-04-2024,East,C043,Customer_43,Clothing,Dress,10,426.43,91.01
1269,30-08-2023,North,C086,Customer_86,Electronics,Headphones,5,1681.2,372.42
1270,15-11-2023,North,C082,Customer_82,Clothing,Jacket,10,4572.81,1323.1
1271,04-05-2024,South,C059,Customer_59,Clothing,Shoes,9,16446.04,3936.16
1272,12-08-2023,South,C088,Customer_88,Electronics,Camera,8,8526.26,1197.48
1273,31-07-2024,North,C008,Customer_8,Furniture,Table,9,2850.37,376.33
1274,16-06-2024,West,C015,Customer_15,Furniture,Table,8,1600.52,284.24
1275,26-02-2023,West,C017,Customer_17,Groceries,Eggs,10,1343.19,222.42
1276,12-11-2023,North,C051,Customer_51,Clothing,T-Shirt,4,4660.23,285.78
1277,19-12-2023,North,C070,Customer_70,Electronics,Laptop,8,662.68,100.87
1278,19-05-2023,West,C048,Customer_48,Groceries,Eggs,7,5346.45,1179.87
1279,06-07-2024,South,C084,Customer_84,Clothing,T-Shirt,3,5957.51,883.29
1280,11-05-2023,South,C001,Customer_1,Electronics,Tablet,8,10828.24,2015.26
1281,28-06-2024,West,C030,Customer_30,Furniture,Sofa,6,1962.84,190.63
1282,26-04-2023,North,C085,Customer_85,Groceries,Fruits,1,496.52,33.18
1283,31-08-2024,North,C058,Customer_58,Electronics,Smartphone,1,816.49,88.66
1284,11-08-2023,North,C018,Customer_18,Clothing,Jeans,10,6514.29,1299.47
1285,25-11-2023,South,C039,Customer_39,Furniture,Table,4,3355.4,398.58
1286,24-07-2024,South,C081,Customer_81,Groceries,Fruits,8,902.64,122.85
1287,26-01-2024,East,C090,Customer_90,Groceries,Eggs,3,1841.34,176.71
1288,04-07-2024,West,C031,Customer_31,Furniture,Bookshelf,3,4846.31,1350.6
1289,29-07-2024,West,C054,Customer_54,Furniture,Sofa,4,2099.57,278.33
1290,22-03-2023,West,C048,Customer_48,Electronics,Camera,4,488.17,70.44
1291,11-09-2024,North,C010,Customer_10,Furniture,Table,9,4047.23,413.72
1292,07-12-2023,East,C002,Customer_2,Furniture,Desk,2,2997.64,715.19
1293,06-09-2023,South,C051,Customer_51,Furniture,Table,6,9333.1,1354.84
1294,30-06-2024,East,C040,Customer_40,Clothing,Jacket,9,15911.71,2649.32
1295,25-04-2024,East,C027,Customer_27,Clothing,Jacket,7,773.62,205.8
1296,30-05-2023,North,C034,Customer_34,Groceries,Bread,3,1225.38,131.73
1297,06-08-2024,South,C064,Customer_64,Clothing,Jacket,8,15469.49,3255.15
1298,17-05-2024,West,C022,Customer_22,Clothing,Jeans,3,4338.66,746.59
1299,09-07-2024,North,C068,Customer_68,Electronics,Laptop,1,1533.39,234.76
1300,25-08-2023,North,C091,Customer_91,Furniture,Office Chair,4,4085.4,585.44
1301,24-09-2024,West,C085,Customer_85,Groceries,Rice,1,1073.78,164.11
1302,18-01-2023,East,C069,Customer_69,Clothing,T-Shirt,9,14670.46,3205.62
1303,03-07-2023,North,C013,Customer_13,Furniture,Desk,4,4988.66,564.24
1304,29-12-2023,East,C051,Customer_51,Electronics,Tablet,7,6501.71,720.4
1305,20-08-2023,East,C088,Customer_88,Electronics,Laptop,2,1644.9,237.35
1306,02-05-2024,North,C082,Customer_82,Electronics,Smartphone,2,2019.44,320.04
1307,06-12-2023,North,C068,Customer_68,Electronics,Smartphone,4,7218.08,1610.15
1308,03-08-2024,West,C035,Customer_35,Electronics,Laptop,5,9003.19,1718.51
1309,03-02-2023,South,C041,Customer_41,Electronics,Smartphone,10,3054.99,779.55
1310,12-02-2024,North,C039,Customer_39,Furniture,Table,4,4568.23,1198.52
1311,07-07-2024,East,C050,Customer_50,Furniture,Office Chair,9,13464.04,1837.37
1312,11-04-2023,West,C030,Customer_30,Electronics,Tablet,10,15426.31,4453.8
1313,11-02-2024,East,C004,Customer_4,Clothing,Shoes,8,3773.71,710.44
1314,20-01-2024,West,C024,Customer_24,Groceries,Rice,10,6048.51,675.09
1315,17-03-2023,North,C035,Customer_35,Furniture,Sofa,3,4453.55,575.26
1316,20-04-2023,North,C001,Customer_1,Clothing,Shoes,6,9164.8,692.47
1317,31-03-2023,South,C056,Customer_56,Groceries,Fruits,9,9311.7,706.04
1318,02-04-2023,East,C071,Customer_71,Electronics,Camera,10,15731.89,4183.57
1319,13-01-2023,East,C053,Customer_53,Groceries,Rice,9,16310.8,4804.24
1320,08-08-2024,South,C088,Customer_88,Groceries,Milk,3,1657.38,194.08
1321,30-05-2023,North,C022,Customer_22,Groceries,Bread,7,4294.57,1055.03
1322,05-01-2024,East,C032,Customer_32,Groceries,Fruits,10,4071.85,312.49
1323,08-11-2023,North,C051,Customer_51,Clothing,Dress,7,11284.5,1493.9
1324,09-12-2023,West,C084,Customer_84,Furniture,Bookshelf,6,7286.15,1630.81
1325,05-05-2024,East,C023,Customer_23,Groceries,Bread,5,7375.26,1535.72
1326,12-08-2024,South,C042,Customer_42,Groceries,Bread,7,5199.12,1471.44
1327,24-07-2023,South,C088,Customer_88,Electronics,Headphones,4,3552.56,436.37
1328,12-03-2023,West,C087,Customer_87,Groceries,Milk,5,2496.01,535.81
1329,09-03-2024,West,C010,Customer_10,Groceries,Fruits,8,9382.75,1722.6
1330,04-03-2024,North,C047,Customer_47,Electronics,Laptop,4,5288.21,733.75
1331,19-09-2024,North,C073,Customer_73,Groceries,Bread,7,1608.39,120.07
1332,16-08-2023,South,C058,Customer_58,Clothing,Shoes,8,12393.9,2443.43
1333,27-05-2024,South,C045,Customer_45,Electronics,Headphones,2,1209.91,338.94
1334,29-03-2023,North,C094,Customer_94,Furniture,Bookshelf,5,3496.36,860.34
1335,17-06-2024,West,C045,Customer_45,Groceries,Rice,8,11596.38,1891.51
1336,10-03-2023,East,C006,Customer_6,Electronics,Laptop,6,7817.88,1714.34
1337,18-06-2023,South,C067,Customer_67,Furniture,Table,3,2026.08,317.27
1338,18-04-2024,South,C052,Customer_52,Furniture,Desk,7,5622.77,1317.68
1339,22-07-2023,West,C076,Customer_76,Groceries,Eggs,1,1415.38,143.58
1340,06-03-2023,North,C069,Customer_69,Furniture,Bookshelf,6,2461.24,193.18
1341,16-05-2024,East,C077,Customer_77,Groceries,Fruits,7,8275.89,1133.64
1342,13-04-2024,South,C087,Customer_87,Clothing,Dress,10,1878.09,156.8
1343,01-05-2023,South,C040,Customer_40,Electronics,Smartphone,6,8358.03,1485.27
1344,04-03-2024,South,C074,Customer_74,Groceries,Eggs,3,2950.82,543.97
1345,27-06-2023,South,C063,Customer_63,Clothing,Jeans,3,1928.61,313.88
1346,24-02-2023,East,C002,Customer_2,Groceries,Milk,4,6536.51,1901.85
1347,01-06-2024,West,C053,Customer_53,Groceries,Eggs,8,7901,558.35
1348,01-02-2023,South,C038,Customer_38,Electronics,Tablet,4,4337.86,399.31
1349,13-04-2024,West,C071,Customer_71,Electronics,Camera,2,1100.84,204.51
1350,11-01-2024,North,C098,Customer_98,Groceries,Fruits,4,7919.02,598.71
1351,11-09-2023,East,C005,Customer_5,Groceries,Bread,6,10362.93,743.5
1352,01-05-2023,South,C027,Customer_27,Clothing,Dress,7,2440.51,206.98
1353,31-07-2023,South,C008,Customer_8,Clothing,Dress,5,6008.89,553.38
1354,27-10-2023,East,C074,Customer_74,Clothing,Dress,2,576.93,137.03
1355,26-02-2024,North,C036,Customer_36,Furniture,Desk,4,1238.25,161.62
1356,11-09-2023,West,C063,Customer_63,Furniture,Table,5,6315.35,908.1
1357,19-03-2023,North,C052,Customer_52,Clothing,Jacket,8,15212.02,2005.28
1358,03-01-2023,North,C094,Customer_94,Groceries,Bread,2,3190.88,476.81
1359,15-03-2024,South,C064,Customer_64,Clothing,Jacket,5,3443.78,669.76
1360,02-08-2024,West,C044,Customer_44,Electronics,Laptop,2,2519.67,653.04
1361,17-01-2023,North,C021,Customer_21,Groceries,Eggs,1,1983.84,311.36
1362,16-05-2023,East,C021,Customer_21,Clothing,T-Shirt,6,3094.62,442.41
1363,19-06-2023,North,C051,Customer_51,Clothing,Jeans,7,9225.03,2084.16
1364,02-01-2023,South,C062,Customer_62,Electronics,Smartphone,10,4678.58,1029.27
1365,10-01-2023,North,C090,Customer_90,Clothing,T-Shirt,7,9759.27,1653.46
1366,23-08-2023,West,C012,Customer_12,Electronics,Laptop,6,4486.63,559.99
1367,27-01-2024,South,C083,Customer_83,Furniture,Office Chair,9,10217.85,2069.93
1368,18-06-2023,West,C045,Customer_45,Furniture,Desk,7,8678.81,1393.78
1369,11-08-2023,North,C013,Customer_13,Furniture,Office Chair,10,14654.18,2020.58
1370,15-03-2024,East,C018,Customer_18,Furniture,Bookshelf,2,1022.74,204.8
1371,14-09-2024,East,C100,Customer_100,Electronics,Tablet,4,4180.57,741.55
1372,06-02-2024,East,C083,Customer_83,Electronics,Smartphone,8,6272.43,691.66
1373,31-08-2024,North,C068,Customer_68,Electronics,Tablet,6,1687.96,447.65
1374,05-08-2024,West,C047,Customer_47,Furniture,Sofa,2,106.09,7.1
1375,26-09-2023,South,C006,Customer_6,Electronics,Headphones,9,5285.21,1205.86
1376,01-03-2024,West,C090,Customer_90,Groceries,Rice,9,9761.02,860.63
1377,27-03-2023,East,C011,Customer_11,Furniture,Desk,9,6002.69,1180.18
1378,09-03-2023,East,C090,Customer_90,Groceries,Milk,1,504.07,141.72
1379,29-04-2023,West,C079,Customer_79,Electronics,Tablet,3,769.49,174.66
1380,12-01-2023,South,C064,Customer_64,Clothing,Dress,9,14132.83,3253.26
1381,20-06-2023,East,C017,Customer_17,Clothing,T-Shirt,1,683.32,107.51
1382,20-06-2024,North,C034,Customer_34,Electronics,Headphones,8,8250.78,526.89
1383,03-08-2024,South,C048,Customer_48,Furniture,Bookshelf,2,3581.3,782.62
1384,29-04-2023,South,C095,Customer_95,Electronics,Laptop,1,504.21,84.68
1385,28-01-2024,South,C023,Customer_23,Electronics,Camera,7,3251.78,364.41
1386,24-11-2023,East,C010,Customer_10,Clothing,T-Shirt,9,12178.66,769.3
1387,17-08-2023,North,C052,Customer_52,Electronics,Headphones,5,7757.92,990.49
1388,30-03-2023,West,C002,Customer_2,Clothing,Jeans,5,5681.69,715.76
1389,29-09-2024,South,C060,Customer_60,Clothing,Dress,8,15964.95,3894.99
1390,13-07-2024,South,C020,Customer_20,Electronics,Headphones,1,481.34,65.75
1391,10-01-2023,East,C001,Customer_1,Groceries,Bread,2,852.57,252.17
1392,05-03-2024,West,C008,Customer_8,Furniture,Bookshelf,2,213.85,23.07
1393,16-06-2024,West,C090,Customer_90,Clothing,Shoes,2,2339.85,412.65
1394,08-02-2024,North,C076,Customer_76,Electronics,Headphones,3,1466.42,169
1395,19-11-2023,West,C090,Customer_90,Clothing,Jacket,8,4467.78,306.81
1396,27-07-2023,South,C100,Customer_100,Electronics,Smartphone,2,690.92,115.05
1397,21-02-2024,North,C069,Customer_69,Clothing,Jeans,8,5043.59,586.33
1398,03-05-2023,North,C021,Customer_21,Clothing,Dress,1,445.74,117.74
1399,01-06-2023,North,C092,Customer_92,Furniture,Bookshelf,7,7256.55,1591.33
1400,24-09-2023,South,C004,Customer_4,Groceries,Eggs,9,13510.76,1519.46
1401,18-04-2024,North,C018,Customer_18,Electronics,Laptop,1,1664.14,491.99
1402,14-05-2023,South,C052,Customer_52,Clothing,T-Shirt,10,11805.15,3297.85
1403,18-03-2023,North,C009,Customer_9,Furniture,Sofa,3,606.35,158.75
1404,06-12-2023,North,C006,Customer_6,Groceries,Rice,3,5549.34,878.4
1405,09-02-2024,West,C004,Customer_4,Groceries,Eggs,3,2162.42,599.15
1406,09-10-2023,East,C058,Customer_58,Furniture,Office Chair,10,12459.7,1388.59
1407,30-10-2023,West,C053,Customer_53,Groceries,Rice,2,1147.91,96.78
1408,24-07-2023,South,C081,Customer_81,Electronics,Headphones,6,5818.65,1427.66
1409,19-12-2023,East,C050,Customer_50,Clothing,Jeans,1,651.38,68.24
1410,15-10-2023,North,C061,Customer_61,Clothing,Dress,4,7793.92,584.81
1411,04-09-2023,East,C069,Customer_69,Electronics,Smartphone,10,16960.8,4229.14
1412,30-12-2023,South,C023,Customer_23,Furniture,Table,6,9697.78,2176.25
1413,28-08-2024,North,C091,Customer_91,Clothing,Dress,10,3013.63,865.19
1414,19-05-2024,East,C023,Customer_23,Groceries,Rice,2,262.43,52.6
1415,21-01-2023,West,C001,Customer_1,Clothing,Dress,4,6467.05,874.28
1416,01-07-2023,East,C008,Customer_8,Electronics,Smartphone,10,14152.99,1208.85
1417,24-04-2023,East,C010,Customer_10,Clothing,Shoes,10,2200.44,276.03
1418,20-05-2023,South,C094,Customer_94,Groceries,Eggs,6,2189.53,639.75
1419,20-09-2024,East,C029,Customer_29,Furniture,Sofa,5,7366.55,910.72
1420,01-07-2023,North,C090,Customer_90,Groceries,Fruits,1,380.52,49.3
1421,18-09-2024,South,C082,Customer_82,Electronics,Headphones,3,2027.14,140.79
1422,22-12-2023,East,C022,Customer_22,Electronics,Tablet,8,340.51,34.88
1423,11-03-2023,East,C033,Customer_33,Electronics,Laptop,1,784.16,182.82
1424,20-06-2023,West,C064,Customer_64,Groceries,Bread,9,6868.69,1766.64
1425,14-08-2024,South,C021,Customer_21,Groceries,Rice,1,603.92,78.32
1426,18-04-2023,North,C044,Customer_44,Furniture,Sofa,3,4407.99,823.24
1427,06-04-2023,East,C077,Customer_77,Groceries,Rice,7,13202.25,1204.7
1428,20-03-2024,South,C007,Customer_7,Electronics,Tablet,4,7797.24,1187.68
1429,21-07-2024,East,C085,Customer_85,Clothing,Jacket,4,839.65,124.46
1430,16-07-2024,West,C020,Customer_20,Electronics,Tablet,1,866.66,107.15
1431,06-09-2024,West,C026,Customer_26,Electronics,Laptop,4,1432.99,176.19
1432,25-03-2023,West,C015,Customer_15,Clothing,Shoes,8,7907.29,1702.12
1433,04-04-2023,West,C024,Customer_24,Clothing,Shoes,6,2336.61,142.89
1434,26-03-2024,West,C034,Customer_34,Furniture,Bookshelf,10,1420.46,338.15
1435,10-04-2023,North,C086,Customer_86,Clothing,Dress,7,13593.98,2683.88
1436,20-07-2024,North,C050,Customer_50,Groceries,Fruits,8,9231.79,1005.44
1437,03-11-2023,North,C051,Customer_51,Electronics,Camera,10,18029.01,4509.28
1438,27-09-2024,South,C016,Customer_16,Groceries,Milk,3,5834.66,1471.01
1439,10-05-2023,North,C055,Customer_55,Electronics,Headphones,4,7978.37,1649.98
1440,01-09-2024,East,C041,Customer_41,Electronics,Laptop,7,7851.21,1476.13
1441,10-10-2023,West,C002,Customer_2,Groceries,Rice,7,2214.04,424.32
1442,19-08-2024,North,C014,Customer_14,Electronics,Tablet,9,15864.02,4274.93
1443,28-09-2023,West,C084,Customer_84,Groceries,Fruits,10,9566.32,890.15
1444,17-02-2024,South,C080,Customer_80,Groceries,Rice,7,12469.5,1656.87
1445,01-09-2023,North,C096,Customer_96,Groceries,Bread,6,360.37,91.66
1446,07-11-2023,East,C036,Customer_36,Groceries,Rice,4,1144.33,335.92
1447,29-03-2024,East,C035,Customer_35,Groceries,Fruits,2,784.23,80.66
1448,21-02-2024,West,C098,Customer_98,Clothing,T-Shirt,9,14284.36,948.54
1449,02-06-2024,West,C018,Customer_18,Electronics,Smartphone,4,7011.43,702.42
1450,01-03-2023,South,C005,Customer_5,Groceries,Rice,6,8491.05,1006.14
1451,20-04-2024,West,C082,Customer_82,Electronics,Laptop,4,3029.94,601.48
1452,01-07-2023,West,C076,Customer_76,Clothing,Jacket,3,5035.66,577.41
1453,03-04-2023,East,C004,Customer_4,Groceries,Rice,3,5131.7,1257.05
1454,08-08-2023,South,C083,Customer_83,Furniture,Desk,5,6550.71,1168.12
1455,10-01-2023,West,C017,Customer_17,Furniture,Table,1,463.06,93.58
1456,09-11-2023,East,C055,Customer_55,Groceries,Bread,8,4151.66,691.98
1457,17-06-2024,West,C075,Customer_75,Electronics,Laptop,9,17989.83,5246.22
1458,19-01-2024,East,C039,Customer_39,Electronics,Headphones,2,1371.68,163.4
1459,29-11-2023,East,C034,Customer_34,Clothing,Jeans,3,3132.72,344.84
1460,28-02-2023,West,C085,Customer_85,Clothing,Jeans,1,1317.69,394.47
1461,23-09-2023,West,C052,Customer_52,Groceries,Rice,10,14219.77,2744.57
1462,14-07-2023,East,C093,Customer_93,Furniture,Table,8,14519.38,3164.75
1463,03-06-2024,East,C022,Customer_22,Furniture,Bookshelf,2,1904.29,447.95
1464,26-07-2024,South,C088,Customer_88,Clothing,T-Shirt,4,2893.84,683.1
1465,11-11-2023,West,C043,Customer_43,Clothing,Jacket,10,6022.21,1582.66
1466,26-04-2024,North,C082,Customer_82,Electronics,Headphones,4,4043.78,1079.18
1467,26-01-2024,East,C053,Customer_53,Electronics,Smartphone,3,5954.55,807.84
1468,06-08-2024,West,C019,Customer_19,Clothing,Jeans,2,1970.82,409.45
1469,01-07-2023,East,C082,Customer_82,Electronics,Laptop,8,4492.68,1079.58
1470,22-06-2023,South,C063,Customer_63,Electronics,Smartphone,10,8787.49,1382.73
1471,15-03-2024,West,C050,Customer_50,Electronics,Laptop,9,3733.56,534.93
1472,15-01-2023,East,C097,Customer_97,Furniture,Office Chair,1,1260.84,141.47
1473,19-12-2023,East,C017,Customer_17,Electronics,Headphones,9,10670.11,979.04
1474,16-02-2023,East,C038,Customer_38,Groceries,Fruits,10,10577.53,1675.65
1475,18-05-2023,East,C063,Customer_63,Clothing,Jeans,3,5691.62,1591.1
1476,18-02-2024,North,C030,Customer_30,Furniture,Desk,4,5893.89,1163.59
1477,23-06-2023,North,C047,Customer_47,Electronics,Headphones,5,7735.37,1591.81
1478,31-08-2024,North,C085,Customer_85,Electronics,Laptop,1,1385.7,213.67
1479,25-01-2024,North,C071,Customer_71,Clothing,Shoes,3,1280.64,283.58
1480,10-01-2023,East,C054,Customer_54,Electronics,Camera,5,6265.7,1410.92
1481,04-03-2024,North,C066,Customer_66,Electronics,Tablet,2,3147.65,549.06
1482,15-09-2024,South,C100,Customer_100,Clothing,Dress,4,2914.74,444.32
1483,14-06-2023,North,C071,Customer_71,Groceries,Milk,8,5396.76,273.53
1484,02-04-2023,North,C074,Customer_74,Groceries,Milk,2,3126.92,215.01
1485,14-04-2023,East,C083,Customer_83,Furniture,Sofa,5,2714.84,169.73
1486,28-06-2023,North,C038,Customer_38,Clothing,Jacket,7,10376.17,765.24
1487,16-02-2023,North,C018,Customer_18,Furniture,Bookshelf,6,10746.99,3103.43
1488,02-10-2023,North,C048,Customer_48,Clothing,Jeans,2,1627.08,472.79
1489,06-10-2023,West,C089,Customer_89,Groceries,Eggs,3,731.56,163.9
1490,02-03-2023,South,C014,Customer_14,Groceries,Fruits,8,12867.87,2825.76
1491,05-07-2023,West,C100,Customer_100,Clothing,Dress,1,1727.9,466.51
1492,14-05-2023,West,C063,Customer_63,Electronics,Headphones,8,888.2,102.5
1493,18-11-2023,North,C091,Customer_91,Furniture,Bookshelf,9,9501.7,2139.26
1494,08-04-2023,West,C085,Customer_85,Furniture,Sofa,6,8004.88,1683.84
1495,02-06-2023,North,C002,Customer_2,Furniture,Table,8,13653.64,3650.35
1496,18-03-2023,West,C042,Customer_42,Furniture,Bookshelf,5,598.47,63.24
1497,23-01-2024,West,C031,Customer_31,Electronics,Headphones,8,12851.98,2082.34
1498,25-05-2024,West,C041,Customer_41,Electronics,Headphones,1,223.23,34.17
1499,24-07-2024,North,C012,Customer_12,Clothing,Dress,9,3866.09,842.3
1500,16-12-2023,East,C007,Customer_7,Furniture,Sofa,6,6774.59,1388.38
